group,major,university,capacity,related_employment_pct,avg_salary_first3y_million_toman,last_rank_region1,last_rank_region2,last_rank_region3,src_page,row_no
ریاضی,کامپیوتر / فناوری اطلاعات,دانشگاه صنعتی شریف,120,82,43.5,1-100,1-100,1-100,47,1
ریاضی,کامپیوتر / فناوری اطلاعات,دانشگاه تهران,72,77,33.1,1-100,1-100,1-100,47,2
ریاضی,کامپیوتر / فناوری اطلاعات,دانشگاه صنعتی امیرکبیر (پلی‌تکنیک),55,82,41.9,200-300,100-200,1-100,47,3
ریاضی,کامپیوتر / فناوری اطلاعات,دانشگاه علم و صنعت ایران,43,81,37.8,300-400,200-300,300-400,47,4
ریاضی,کامپیوتر / فناوری اطلاعات,دانشگاه شهید بهشتی تهران,70,82,35.1,500-600,300-400,,47,5
ریاضی,کامپیوتر / فناوری اطلاعات,دانشگاه صنعتی خواجه نصیرالدین طوسی,20,81,40.1,600-800,200-300,1-100,47,6
ریاضی,کامپیوتر / فناوری اطلاعات,دانشگاه فردوسی مشهد,50,81,29.4,800-1000,500-600,200-300,47,7
ریاضی,کامپیوتر / فناوری اطلاعات,دانشگاه الزهرا (س) تهران,19,73,26.4,1000-1500,6000-7000,400-500,47,8
ریاضی,کامپیوتر / فناوری اطلاعات,دانشگاه صنعتی اصفهان,90,80,27.6,1000-1500,1000-1500,500-600,48,9
ریاضی,کامپیوتر / فناوری اطلاعات,دانشگاه اصفهان,70,76,26.5,1500-2000,1000-1500,800-1000,48,10
ریاضی,کامپیوتر / فناوری اطلاعات,دانشگاه خوارزمی تهران,72,76,31.7,1500-2000,600-800,400-500,48,11
ریاضی,کامپیوتر / فناوری اطلاعات,دانشگاه شیراز,80,76,28.8,1500-2000,1000-1500,100-200,48,12
ریاضی,کامپیوتر / فناوری اطلاعات,دانشگاه قم,50,74,25.7,1500-2000,2000-2500,1000-1500,48,13
ریاضی,کامپیوتر / فناوری اطلاعات,دانشگاه شاهد تهران,40,75,27.3,2000-2500,1500-2000,1000-1500,48,14
ریاضی,کامپیوتر / فناوری اطلاعات,دانشگاه تبریز,42,76,29.4,2000-2500,1500-2000,500-600,48,15
ریاضی,کامپیوتر / فناوری اطلاعات,دانشگاه بین‌المللی امام خمینی (ره) - قزوین,40,73,24.1,3000-3500,2000-2500,1000-1500,48,16
ریاضی,کامپیوتر / فناوری اطلاعات,دانشگاه کاشان,22,74,30.0,3500-4000,2000-2500,1000-1500,49,17
ریاضی,کامپیوتر / فناوری اطلاعات,دانشگاه صنعتی قم,45,79,26.1,4000-4500,2500-3000,1000-1500,49,18
ریاضی,کامپیوتر / فناوری اطلاعات,دانشگاه خلیج فارس,25,80,24.3,4500-5000,9000-10000,500-600,49,19
ریاضی,کامپیوتر / فناوری اطلاعات,دانشگاه حکیم سبزواری,35,67,20.4,5000-6000,5000-6000,2000-2500,49,20
ریاضی,کامپیوتر / فناوری اطلاعات,دانشگاه سمنان,140,73,22.0,5000-6000,6000-7000,1000-1500,49,21
ریاضی,کامپیوتر / فناوری اطلاعات,دانشگاه اراک,60,75,22.9,5000-6000,1500-2000,4500-5000,49,22
ریاضی,کامپیوتر / فناوری اطلاعات,دانشگاه زنجان,55,74,27.4,6000-7000,400-500,1000-1500,49,23
ریاضی,کامپیوتر / فناوری اطلاعات,دانشگاه شهرکرد,50,67,27.6,6000-7000,3000-3500,1500-2000,49,24
ریاضی,مهندسی صنایع,دانشگاه صنعتی شریف,70,78,32.8,100-200,200-300,100-200,52,1
ریاضی,مهندسی صنایع,دانشگاه تهران,15,79,32.0,500-600,300-400,200-300,52,2
ریاضی,مهندسی صنایع,دانشگاه صنعتی امیرکبیر (پلی‌تکنیک),40,81,31.6,600-800,500-600,200-300,52,3
ریاضی,مهندسی صنایع,دانشگاه علم و صنعت ایران,40,81,30.1,1000-1500,600-800,400-500,52,4
ریاضی,مهندسی صنایع,دانشگاه صنعتی خواجه نصیرالدین طوسی,30,75,26.9,1000-1500,800-1000,,52,5
ریاضی,مهندسی صنایع,دانشگاه صنعتی اصفهان,75,81,24.7,1500-2000,2000-2500,500-600,52,6
ریاضی,مهندسی صنایع,دانشگاه خوارزمی تهران,15,76,33.0,2000-2500,1500-2000,1000-1500,52,7
ریاضی,مهندسی صنایع,دانشگاه تبریز,20,82,26.7,2000-2500,3000-3500,1500-2000,52,8
ریاضی,مهندسی صنایع,دانشگاه فردوسی مشهد,40,75,23.0,3000-3500,1500-2000,1000-1500,53,9
ریاضی,مهندسی صنایع,دانشگاه صنعتی نوشیروانی بابل,30,70,24.7,4000-4500,3500-4000,2000-2500,53,10
ریاضی,مهندسی صنایع,دانشگاه یزد,59,79,27.2,7000-8000,9000-10000,3500-4000,53,11
ریاضی,مهندسی صنایع,دانشگاه کاشان,13,75,21.5,8000-9000,3000-3500,1500-2000,53,12
ریاضی,مهندسی صنایع,دانشگاه کردستان,55,77,24.1,9000-10000,16000-18000,10000-12000,53,13
ریاضی,مهندسی صنایع,دانشگاه اراک,45,73,20.5,10000-12000,6000-7000,7000-8000,53,14
ریاضی,مهندسی صنایع,دانشگاه صنعتی قم,35,76,22.9,10000-12000,6000-7000,6000-7000,53,15
ریاضی,مهندسی صنایع,دانشگاه قم,50,71,25.2,10000-12000,8000-9000,5000-6000,53,16
ریاضی,مهندسی برق,دانشگاه صنعتی شریف,165,66,38.5,100-200,100-200,100-200,56,1
ریاضی,مهندسی برق,دانشگاه تهران,80,65,34.4,300-400,200-300,100-200,56,2
ریاضی,مهندسی برق,دانشگاه صنعتی امیرکبیر (پلی‌تکنیک),80,73,28.1,500-600,300-400,100-200,56,3
ریاضی,مهندسی برق,دانشگاه علم و صنعت ایران,76,71,28.4,600-800,500-600,400-500,56,4
ریاضی,مهندسی برق,دانشگاه رازی کرمانشاه,60,64,23.4,1000-1500,16000-18000,,56,5
ریاضی,مهندسی برق,دانشگاه شهید بهشتی تهران,115,67,26.7,1500-2000,600-800,18000-20000,56,6
ریاضی,مهندسی برق,دانشگاه صنعتی خواجه نصیرالدین طوسی,85,71,31.0,1500-2000,800-1000,600-800,56,7
ریاضی,مهندسی برق,دانشگاه صنعتی اصفهان,145,63,26.8,2000-2500,2000-2500,2000-2500,56,8
ریاضی,مهندسی برق,دانشگاه الزهرا (س) تهران,20,77,26.9,2500-3000,2500-3000,1000-1500,57,9
ریاضی,مهندسی برق,دانشگاه شیراز,167,67,21.8,3000-3500,2500-3000,1000-1500,57,10
ریاضی,مهندسی برق,دانشگاه فردوسی مشهد,120,67,26.4,3000-3500,2500-3000,1500-2000,57,11
ریاضی,مهندسی برق,دانشگاه تبریز,105,63,24.4,4500-5000,4000-4500,1500-2000,57,12
ریاضی,مهندسی برق,دانشگاه اصفهان,50,68,23.3,4500-5000,2000-2500,2000-2500,57,13
ریاضی,مهندسی برق,دانشگاه شاهد تهران,100,62,30.8,4500-5000,4500-5000,2000-2500,57,14
ریاضی,مهندسی برق,دانشگاه قم,25,55,24.8,7000-8000,7000-8000,5000-6000,57,15
ریاضی,مهندسی برق,دانشگاه بین‌المللی امام خمینی (ره) - قزوین,85,64,27.9,7000-8000,4000-4500,1500-2000,57,16
ریاضی,مهندسی برق,دانشگاه کاشان,34,61,24.1,8000-9000,8000-9000,2500-3000,58,17
ریاضی,مهندسی برق,دانشگاه صنعتی نوشیروانی بابل,84,61,22.4,8000-9000,5000-6000,2000-2500,58,18
ریاضی,مهندسی برق,دانشگاه صنعتی قم,80,57,20.0,10000-12000,7000-8000,3500-4000,58,19
ریاضی,مهندسی برق,دانشگاه مازندران,40,59,27.6,10000-12000,7000-8000,4000-4500,58,20
ریاضی,مهندسی برق,دانشگاه گیلان,74,63,23.1,10000-12000,7000-8000,4000-4500,58,21
ریاضی,مهندسی برق,دانشگاه یزد,119,68,24.3,10000-12000,8000-9000,8000-9000,58,22
ریاضی,مهندسی برق,دانشگاه سمنان,125,65,24.2,12000-14000,10000-12000,6000-7000,58,23
ریاضی,مهندسی برق,دانشگاه صنعتی سهند تبریز,84,66,19.5,12000-14000,10000-12000,8000-9000,58,24
ریاضی,مهندسی برق,دانشگاه ملایر,40,69,20.9,12000-14000,2500-20000,18000-20000,59,25
ریاضی,مهندسی برق,دانشگاه شهرکرد,60,74,30.1,14000-16000,12000-14000,7000-8000,59,26
ریاضی,مهندسی برق,دانشگاه صنعتی همدان,75,63,21.8,14000-16000,10000-12000,12000-14000,59,27
ریاضی,مهندسی برق,دانشگاه اراک,50,63,31.0,14000-16000,12000-14000,0-0,59,28
ریاضی,مهندسی برق,دانشگاه زنجان,145,66,24.8,16000-18000,8000-9000,9000-10000,59,29
ریاضی,مهندسی برق,دانشگاه صنعتی اراک,74,61,24.3,16000-18000,12000-14000,7000-8000,59,30
ریاضی,مهندسی برق,دانشگاه صنعتی شاهرود,110,64,24.1,18000-20000,8000-9000,10000-12000,59,31
ریاضی,مهندسی برق,دانشگاه ارومیه,130,68,25.1,18000-20000,14000-16000,10000-12000,59,32
ریاضی,مهندسی مکانیک,دانشگاه صنعتی شریف,110,74,28.9,300-400,100-200,1-100,62,1
ریاضی,مهندسی مکانیک,دانشگاه تهران,80,68,28.3,600-800,400-500,200-300,62,2
ریاضی,مهندسی مکانیک,دانشگاه صنعتی امیرکبیر (پلی‌تکنیک),125,74,28.8,600-800,400-500,200-300,62,3
ریاضی,مهندسی مکانیک,دانشگاه علم و صنعت ایران,88,77,26.7,1000-1500,800-1000,300-400,62,4
ریاضی,مهندسی مکانیک,دانشگاه صنعتی اصفهان,120,74,24.5,1000-1500,2000-2500,,62,5
ریاضی,مهندسی مکانیک,دانشگاه صنعتی خواجه نصیرالدین طوسی,55,76,26.5,1500-2000,1000-1500,1000-1500,62,6
ریاضی,مهندسی مکانیک,دانشگاه شهید بهشتی تهران,45,75,23.6,2000-2500,1000-1500,400-500,62,7
ریاضی,مهندسی مکانیک,دانشگاه خوارزمی تهران,80,67,23.1,2500-3000,1500-2000,600-800,62,8
ریاضی,مهندسی مکانیک,دانشگاه الزهرا (س) تهران,20,56,24.4,3500-4000,2500-3000,2000-2500,63,9
ریاضی,مهندسی مکانیک,دانشگاه شیراز,85,70,23.7,3500-4000,2500-3000,1000-1500,63,10
ریاضی,مهندسی مکانیک,دانشگاه فردوسی مشهد,100,74,24.2,4000-4500,2500-3000,1000-1500,63,11
ریاضی,مهندسی مکانیک,دانشگاه تبریز,93,75,23.3,4000-4500,2500-3000,4000-4500,63,12
ریاضی,مهندسی مکانیک,دانشگاه اصفهان,40,75,27.1,4000-4500,3000-3500,1500-2000,63,13
ریاضی,مهندسی مکانیک,دانشگاه قم,50,73,22.6,6000-7000,10000-12000,10000-12000,63,14
ریاضی,مهندسی مکانیک,دانشگاه بین‌المللی امام خمینی (ره) - قزوین,90,74,25.9,6000-7000,4000-4500,10000-12000,63,15
ریاضی,مهندسی مکانیک,دانشگاه صنعتی قم,53,72,25.5,7000-8000,5000-6000,10000-12000,63,16
ریاضی,مهندسی مکانیک,دانشگاه کاشان,46,72,20.7,7000-8000,8000-9000,3500-4000,64,17
ریاضی,مهندسی مکانیک,دانشگاه یزد,119,79,20.9,9000-10000,6000-7000,7000-8000,64,18
ریاضی,مهندسی مکانیک,دانشگاه صنعتی نوشیروانی بابل,105,69,23.8,10000-12000,2500-3000,2000-2500,64,19
ریاضی,مهندسی مکانیک,دانشگاه سمنان,125,77,24.1,10000-12000,10000-12000,9000-10000,64,20
ریاضی,مهندسی مکانیک,دانشگاه صنعتی سهند تبریز,60,81,28.0,12000-14000,10000-12000,6000-7000,64,21
ریاضی,مهندسی مکانیک,دانشگاه اراک,80,75,24.8,12000-14000,5000-6000,12000-14000,64,22
ریاضی,مهندسی مکانیک,دانشگاه شهرکرد,60,65,20.2,14000-16000,10000-12000,12000-14000,64,23
ریاضی,مهندسی مکانیک,دانشگاه زنجان,100,77,23.8,14000-16000,10000-12000,7000-8000,64,24
ریاضی,مدیریت مالی / حسابداری,دانشگاه تهران,7,85,28.1,600-800,300-400,50-100,67,1
ریاضی,مدیریت مالی / حسابداری,دانشگاه شهید بهشتی تهران,7,88,33.6,800-1000,400-600,100-200,67,2
ریاضی,مدیریت مالی / حسابداری,دانشگاه علامه طباطبایی تهران,6,87,30.0,1000-1500,600-800,100-200,67,3
ریاضی,مدیریت مالی / حسابداری,دانشگاه خوارزمی تهران,10,83,27.8,3000-4000,1500-2000,400-600,67,4
ریاضی,مدیریت مالی / حسابداری,دانشگاه فردوسی مشهد,3,89,20.8,3000-4000,2000-3000,,67,5
ریاضی,مدیریت مالی / حسابداری,دانشگاه الزهرا (س) تهران,2,85,19.7,3000-4000,2000-3000,400-600,67,6
ریاضی,مدیریت مالی / حسابداری,دانشگاه اصفهان,5,80,24.4,6000-8000,4000-6000,1000-1500,67,7
ریاضی,مدیریت مالی / حسابداری,دانشگاه شیراز,2,81,26.5,6000-8000,4000-6000,1500-2000,67,8
ریاضی,مدیریت کسب و کار,دانشگاه تهران,19,79,30.7,1500-2000,800-1000,200-300,70,1
ریاضی,مدیریت کسب و کار,دانشگاه علامه طباطبایی تهران,11,75,25.8,2000-3000,1500-2000,300-400,70,2
ریاضی,مدیریت کسب و کار,دانشگاه شهید بهشتی تهران,9,72,24.6,2000-3000,1500-2000,300-400,70,3
ریاضی,مدیریت کسب و کار,دانشگاه اصفهان,6,74,22.9,4000-6000,2000-3000,600-800,70,4
ریاضی,مدیریت کسب و کار,دانشگاه خوارزمی تهران,9,73,24.0,4000-6000,2000-3000,,70,5
ریاضی,مدیریت کسب و کار,دانشگاه الزهرا (س) تهران,4,67,21.9,4000-6000,3000-4000,600-800,70,6
ریاضی,مدیریت کسب و کار,دانشگاه فردوسی مشهد,9,69,19.3,4000-6000,3000-4000,800-1000,70,7
ریاضی,مدیریت کسب و کار,دانشگاه شیراز,5,54,20.4,4000-6000,3000-4000,800-1000,70,8
ریاضی,مدیریت کسب و کار,دانشگاه سمنان,16,63,18.4,4000-6000,12000-14000,4000-6000,71,9
ریاضی,مدیریت کسب و کار,دانشگاه کاشان,2,70,22.5,8000-10000,4000-6000,1500-2000,71,10
ریاضی,مدیریت کسب و کار,دانشگاه شاهد تهران,8,74,22.9,8000-10000,6000-8000,1500-2000,71,11
ریاضی,مدیریت کسب و کار,دانشگاه یزد,8,78,27.0,8000-10000,6000-8000,1500-2000,71,12
ریاضی,مدیریت کسب و کار,دانشگاه بین‌المللی امام خمینی (ره) - قزوین,3,70,23.2,8000-10000,6000-8000,2000-3000,71,13
ریاضی,مدیریت کسب و کار,دانشگاه مازندران,12,71,18.8,8000-10000,8000-10000,2000-3000,71,14
ریاضی,مدیریت کسب و کار,دانشگاه قم,12,62,20.1,8000-10000,8000-10000,2000-3000,71,15
ریاضی,مدیریت کسب و کار,دانشگاه گیلان,10,59,17.3,8000-10000,6000-8000,2000-3000,71,16
ریاضی,مدیریت کسب و کار,دانشگاه زنجان,8,69,18.9,10000-12000,8000-10000,3000-4000,72,17
ریاضی,مدیریت کسب و کار,دانشگاه صنعتی شاهرود,6,66,21.7,14000-16000,18000-20000,8000-10000,72,18
ریاضی,مدیریت کسب و کار,دانشگاه اراک,5,62,21.9,16000-18000,14000-16000,6000-8000,72,19
ریاضی,مدیریت کسب و کار,دانشگاه خلیج فارس,10,54,17.1,16000-18000,14000-16000,6000-8000,72,20
ریاضی,مدیریت کسب و کار,دانشگاه ارومیه,7,66,22.8,18000-20000,16000-18000,6000-8000,72,21
ریاضی,مهندسی عمران / راه آهن,دانشگاه صنعتی شریف,90,66,25.1,800-1000,600-800,300-400,74,1
ریاضی,مهندسی عمران / راه آهن,دانشگاه تهران,130,62,23.9,1000-1500,1000-1500,500-600,74,2
ریاضی,مهندسی عمران / راه آهن,دانشگاه صنعتی امیرکبیر (پلی‌تکنیک),60,67,28.4,1500-2000,1000-1500,600-800,74,3
ریاضی,مهندسی عمران / راه آهن,دانشگاه علم و صنعت ایران,113,58,23.8,2000-2500,1500-2000,1000-1500,74,4
ریاضی,مهندسی عمران / راه آهن,دانشگاه شهید بهشتی تهران,115,60,20.3,3000-3500,2000-2500,,74,5
ریاضی,مهندسی عمران / راه آهن,دانشگاه صنعتی خواجه نصیرالدین طوسی,90,66,23.7,3500-4000,1500-2000,1000-1500,74,6
ریاضی,مهندسی عمران / راه آهن,دانشگاه الزهرا (س) تهران,20,37,18.9,3500-4000,2000-2500,2000-2500,74,7
ریاضی,مهندسی عمران / راه آهن,دانشگاه فردوسی مشهد,60,68,19.5,4000-4500,2000-2500,1000-1500,74,8
ریاضی,مهندسی عمران / راه آهن,دانشگاه صنعتی اصفهان,85,72,21.1,4500-5000,3000-3500,2000-2500,75,9
ریاضی,مهندسی عمران / راه آهن,دانشگاه اصفهان,75,45,18.2,5000-6000,3000-3500,2500-3000,75,10
ریاضی,مهندسی عمران / راه آهن,دانشگاه بین‌المللی امام خمینی (ره) - قزوین,80,65,25.8,5000-6000,3000-3500,0-0,75,11
ریاضی,مهندسی عمران / راه آهن,دانشگاه تبریز,78,68,20.3,7000-8000,5000-6000,2000-2500,75,12
ریاضی,مهندسی عمران / راه آهن,دانشگاه قم,50,61,28.5,10000-12000,8000-9000,4500-5000,75,13
ریاضی,مهندسی عمران / راه آهن,دانشگاه زنجان,150,62,17.6,12000-14000,8000-9000,7000-8000,75,14
ریاضی,مهندسی عمران / راه آهن,دانشگاه اراک,40,61,26.6,12000-14000,10000-12000,6000-7000,75,15
ریاضی,مهندسی عمران / راه آهن,دانشگاه سمنان,50,73,18.7,12000-14000,8000-9000,6000-7000,75,16
ریاضی,مهندسی شیمی / پلیمر,دانشگاه صنعتی شریف,80,61,27.1,800-1000,1000-1500,200-300,78,1
ریاضی,مهندسی شیمی / پلیمر,دانشگاه تهران,105,62,22.9,1000-1500,800-1000,400-500,78,2
ریاضی,مهندسی شیمی / پلیمر,دانشگاه صنعتی امیرکبیر (پلی‌تکنیک),100,60,22.8,2000-2500,1500-2000,500-600,78,3
ریاضی,مهندسی شیمی / پلیمر,دانشگاه علم و صنعت ایران,24,70,23.8,2000-2500,1500-2000,600-800,78,4
ریاضی,مهندسی شیمی / پلیمر,دانشگاه فردوسی مشهد,72,57,17.3,4000-4500,6000-7000,,78,5
ریاضی,مهندسی شیمی / پلیمر,دانشگاه شیراز,30,60,29.5,5000-6000,4000-4500,2500-3000,78,6
ریاضی,مهندسی شیمی / پلیمر,دانشگاه صنعتی اصفهان,80,61,22.8,6000-7000,3500-4000,1500-2000,78,7
ریاضی,مهندسی شیمی / پلیمر,دانشگاه اصفهان,30,70,18.6,6000-7000,5000-6000,2500-3000,78,8
ریاضی,مهندسی شیمی / پلیمر,دانشگاه تبریز,27,59,26.1,7000-8000,6000-7000,2500-3000,79,9
ریاضی,مهندسی شیمی / پلیمر,دانشگاه کاشان,18,67,16.6,9000-10000,8000-9000,6000-7000,79,10
ریاضی,مهندسی شیمی / پلیمر,دانشگاه صنعتی نوشیروانی بابل,20,58,19.4,9000-10000,7000-8000,5000-6000,79,11
ریاضی,مهندسی شیمی / پلیمر,دانشگاه صنعتی قم,35,54,20.3,12000-14000,25000-30000,3500-4000,79,12
ریاضی,مهندسی شیمی / پلیمر,دانشگاه قم,50,37,19.7,12000-14000,9000-10000,7000-8000,79,13
ریاضی,مهندسی شیمی / پلیمر,دانشگاه شهید چمران اهواز,35,55,29.0,12000-14000,14000-16000,8000-9000,79,14
ریاضی,مهندسی شیمی / پلیمر,دانشگاه یزد,68,56,16.6,12000-14000,10000-12000,7000-8000,79,15
ریاضی,مهندسی شیمی / پلیمر,دانشگاه مازندران,35,57,21.0,14000-16000,14000-16000,7000-8000,79,16
ریاضی,مهندسی شیمی / پلیمر,دانشگاه گیلان,30,60,22.9,14000-16000,35000-40000,6000-7000,80,17
ریاضی,مهندسی شیمی / پلیمر,دانشگاه اراک,40,62,20.5,14000-16000,12000-14000,6000-7000,80,18
ریاضی,مهندسی شیمی / پلیمر,دانشگاه صنعتی سهند تبریز,120,66,19.0,16000-18000,16000-18000,8000-9000,80,19
ریاضی,مهندسی شیمی / پلیمر,دانشگاه خلیج فارس,50,85,27.0,16000-18000,18000-20000,7000-8000,80,20
ریاضی,مهندسی شیمی / پلیمر,دانشگاه سمنان,45,65,22.8,18000-20000,16000-18000,10000-12000,80,21
ریاضی,مهندسی شیمی / پلیمر,دانشگاه صنعتی همدان,47,59,20.9,18000-20000,16000-18000,7000-8000,80,22
ریاضی,مهندسی شیمی / پلیمر,دانشگاه صنعتی شاهرود,45,53,18.7,18000-20000,20000-25000,12000-14000,80,23
ریاضی,مهندسی شیمی / پلیمر,دانشگاه زنجان,55,61,19.9,20000-25000,18000-20000,9000-10000,80,24
ریاضی,مهندسی معدن / زمین‌شناسی,دانشگاه صنعتی امیرکبیر (پلی‌تکنیک),55,63,23.7,5000-6000,5000-6000,3000-3500,85,1
ریاضی,مهندسی معدن / زمین‌شناسی,دانشگاه تهران,60,51,21.7,7000-8000,6000-7000,3000-3500,85,2
ریاضی,مهندسی معدن / زمین‌شناسی,دانشگاه بین‌المللی امام خمینی (ره) - قزوین,40,50,21.7,8000-9000,14000-16000,10000-12000,85,3
ریاضی,مهندسی معدن / زمین‌شناسی,دانشگاه زنجان,70,52,20.3,14000-16000,20000-25000,18000-20000,85,4
ریاضی,مهندسی معدن / زمین‌شناسی,دانشگاه صنعتی اصفهان,85,58,26.5,14000-16000,25000-30000,,85,5
ریاضی,مهندسی معدن / زمین‌شناسی,دانشگاه صنعتی سهند تبریز,45,66,0.0,20000-25000,20000-25000,7000-8000,85,6
ریاضی,مهندسی معدن / زمین‌شناسی,دانشگاه صنعتی شاهرود,50,58,27.3,25000-30000,30000-35000,16000-18000,85,7
ریاضی,مهندسی معدن / زمین‌شناسی,دانشگاه صنعتی همدان,33,59,,25000-30000,25000-30000,20000-25000,85,8
ریاضی,مهندسی معماری,دانشگاه تهران,84,51,22.9,600-800,500-600,200-300,87,1
ریاضی,مهندسی معماری,دانشگاه شهید بهشتی تهران,60,60,18.8,2000-2500,800-1000,500-600,87,2
ریاضی,مهندسی معماری,دانشگاه علم و صنعت ایران,22,69,24.5,2000-2500,1000-1500,200-300,87,3
ریاضی,مهندسی معماری,دانشگاه تبریز,18,58,17.9,4500-5000,3000-3500,2000-2500,87,4
ریاضی,مهندسی معماری,دانشگاه بین‌المللی امام خمینی (ره) - قزوین,35,47,21.1,6000-7000,4500-5000,,87,5
ریاضی,مهندسی معماری,دانشگاه سمنان,25,59,22.5,10000-12000,4500-5000,3000-3500,87,6
ریاضی,مهندسی معماری,دانشگاه صنعتی شاهرود,40,62,18.2,10000-12000,10000-12000,4500-5000,87,7
ریاضی,مهندسی معماری,دانشگاه زنجان,35,67,20.8,12000-14000,7000-8000,9000-10000,87,8
ریاضی,شیمی,دانشگاه صنعتی شریف,10,67,26.1,1000-1500,4000-4500,4500-5000,89,1
ریاضی,شیمی,دانشگاه زنجان,24,76,21.4,1500-2000,30000-35000,18000-20000,89,2
ریاضی,شیمی,دانشگاه تهران,8,66,21.4,2500-3000,5000-6000,3500-4000,89,3
ریاضی,شیمی,دانشگاه صنعتی خواجه نصیرالدین طوسی,7,65,22.4,4000-4500,3000-3500,3500-4000,89,4
ریاضی,شیمی,دانشگاه شهید بهشتی تهران,12,76,20.6,4500-5000,3000-3500,,89,5
ریاضی,شیمی,دانشگاه خوارزمی تهران,8,62,19.6,4500-5000,3500-4000,3500-4000,89,6
ریاضی,شیمی,دانشگاه الزهرا (س) تهران,7,63,19.2,5000-6000,7000-8000,14000-16000,89,7
ریاضی,شیمی,دانشگاه فردوسی مشهد,12,64,21.7,6000-7000,9000-10000,10000-12000,89,8
ریاضی,شیمی,دانشگاه اراک,17,70,16.4,9000-10000,25000-30000,18000-20000,90,9
ریاضی,شیمی,دانشگاه صنعتی اصفهان,10,73,21.1,9000-10000,10000-12000,4500-5000,90,10
ریاضی,شیمی,دانشگاه اصفهان,12,62,20.2,9000-10000,10000-12000,14000-16000,90,11
ریاضی,شیمی,دانشگاه تبریز,14,64,18.6,12000-14000,16000-18000,6000-7000,90,12
ریاضی,شیمی,دانشگاه قم,10,53,20.0,14000-16000,14000-16000,225000-2200000000,90,13
ریاضی,شیمی,دانشگاه شهید مدنی تبریز,20,57,20.1,16000-18000,40000-45000,16000-18000,90,14
ریاضی,شیمی,دانشگاه بین‌المللی امام خمینی (ره) - قزوین,7,72,17.7,20000-25000,16000-18000,9000-10000,90,15
ریاضی,شیمی,دانشگاه کاشان,6,69,15.3,20000-25000,25000-30000,20000-25000,90,16
ریاضی,مهندسی مواد و متالورژی,دانشگاه صنعتی شریف,70,53,28.4,1000-1500,1000-1500,800-1000,93,1
ریاضی,مهندسی مواد و متالورژی,دانشگاه تهران,35,52,23.3,2000-2500,1500-2000,800-1000,93,2
ریاضی,مهندسی مواد و متالورژی,دانشگاه صنعتی امیرکبیر (پلی‌تکنیک),130,52,22.2,2000-2500,2000-2500,1000-1500,93,3
ریاضی,مهندسی مواد و متالورژی,دانشگاه علم و صنعت ایران,65,52,22.2,3000-3500,2500-3000,1500-2000,93,4
ریاضی,مهندسی مواد و متالورژی,دانشگاه صنعتی خواجه نصیرالدین طوسی,15,38,22.4,3000-3500,3000-3500,,93,5
ریاضی,مهندسی مواد و متالورژی,دانشگاه فردوسی مشهد,40,55,20.1,6000-7000,7000-8000,2000-2500,93,6
ریاضی,مهندسی مواد و متالورژی,دانشگاه صنعتی اصفهان,190,53,20.8,7000-8000,6000-7000,4500-5000,93,7
ریاضی,مهندسی مواد و متالورژی,دانشگاه شیراز,35,60,22.6,8000-9000,8000-9000,4500-5000,93,8
ریاضی,مهندسی مواد و متالورژی,دانشگاه بین‌المللی امام خمینی (ره) - قزوین,60,40,18.4,10000-12000,7000-8000,3500-4000,94,9
ریاضی,مهندسی مواد و متالورژی,دانشگاه تبریز,25,44,22.9,10000-12000,10000-12000,4000-4500,94,10
ریاضی,مهندسی مواد و متالورژی,دانشگاه شهرکرد,60,44,18.9,14000-16000,18000-20000,20000-25000,94,11
ریاضی,مهندسی مواد و متالورژی,دانشگاه شهید مدنی تبریز,30,71,17.8,20000-25000,25000-30000,14000-16000,94,12
ریاضی,مهندسی مواد و متالورژی,دانشگاه زنجان,64,49,25.8,20000-25000,18000-20000,12000-14000,94,13
ریاضی,مهندسی مواد و متالورژی,دانشگاه اراک,35,45,17.8,20000-25000,18000-20000,14000-16000,94,14
ریاضی,مهندسی مواد و متالورژی,دانشگاه سمنان,70,48,22.2,20000-25000,20000-25000,14000-16000,94,15
ریاضی,مهندسی مواد و متالورژی,دانشگاه صنعتی همدان,47,40,24.5,20000-25000,25000-30000,20000-25000,94,16
ریاضی,اقتصاد,دانشگاه تهران,30,53,24.3,3000-4000,2000-3000,800-1000,97,1
ریاضی,اقتصاد,دانشگاه شهید بهشتی تهران,26,51,21.1,4000-6000,3000-4000,1000-1500,97,2
ریاضی,اقتصاد,دانشگاه خوارزمی تهران,12,47,21.0,4000-6000,4000-6000,1000-1500,97,3
ریاضی,اقتصاد,دانشگاه علامه طباطبایی تهران,30,48,24.4,4000-6000,4000-6000,1500-2000,97,4
ریاضی,اقتصاد,دانشگاه الزهرا (س) تهران,18,45,24.9,6000-8000,6000-8000,,97,5
ریاضی,اقتصاد,دانشگاه فردوسی مشهد,24,49,21.2,6000-8000,6000-8000,4000-6000,97,6
ریاضی,اقتصاد,دانشگاه اصفهان,24,41,17.5,8000-10000,8000-10000,2000-3000,97,7
ریاضی,اقتصاد,دانشگاه شیراز,12,54,20.3,8000-10000,6000-8000,2000-3000,97,8
ریاضی,مهندسی نفت,دانشگاه صنعتی شریف,30,37,26.2,1500-2000,800-1000,500-600,100,1
ریاضی,مهندسی نفت,دانشگاه صنعتی امیرکبیر (پلی‌تکنیک),65,35,24.7,1500-2000,1000-1500,800-1000,100,2
ریاضی,مهندسی نفت,دانشگاه تهران,30,41,26.6,2000-2500,1500-2000,800-1000,100,3
ریاضی,مهندسی نفت,دانشگاه صنعتی اصفهان,30,49,19.2,7000-8000,4000-4500,2500-3000,100,4
ریاضی,مهندسی نفت,دانشگاه حکیم سبزواری,40,28,24.1,16000-18000,16000-18000,,100,5
ریاضی,فیزیک,دانشگاه صنعتی شریف,48,36,27.0,1000-1500,1000-1500,0-0,104,1
ریاضی,فیزیک,دانشگاه تهران,50,32,21.6,1500-2000,1500-2000,1000-1500,104,2
ریاضی,فیزیک,دانشگاه صنعتی امیرکبیر (پلی‌تکنیک),45,33,21.5,3000-3500,3000-3500,1000-1500,104,3
ریاضی,فیزیک,دانشگاه شهید بهشتی تهران,45,30,19.0,4000-4500,3500-4000,3000-3500,104,4
ریاضی,فیزیک,دانشگاه علم و صنعت ایران,25,28,22.3,4500-5000,4500-5000,,104,5
ریاضی,فیزیک,دانشگاه صنعتی خواجه نصیرالدین طوسی,40,37,20.7,5000-6000,5000-6000,800-1000,104,6
ریاضی,فیزیک,دانشگاه فردوسی مشهد,40,32,17.5,6000-7000,4500-5000,2500-3000,104,7
ریاضی,فیزیک,دانشگاه الزهرا (س) تهران,35,30,17.9,6000-7000,7000-8000,4000-4500,104,8
ریاضی,فیزیک,دانشگاه خوارزمی تهران,50,20,24.0,7000-8000,12000-14000,5000-6000,105,9
ریاضی,فیزیک,دانشگاه بین‌المللی امام خمینی (ره) - قزوین,75,23,15.8,12000-14000,10000-12000,6000-7000,105,10
ریاضی,فیزیک,دانشگاه کاشان,13,25,24.5,16000-18000,16000-18000,18000-20000,105,11
ریاضی,ریاضی و آمار,دانشگاه تهران,63,48,24.3,2000-2500,2000-2500,2500-3000,107,1
ریاضی,ریاضی و آمار,دانشگاه صنعتی امیرکبیر (پلی‌تکنیک),50,45,24.6,2000-2500,3500-4000,2000-2500,107,2
ریاضی,ریاضی و آمار,دانشگاه علم و صنعت ایران,32,44,25.7,4500-5000,5000-6000,2500-3000,107,3
ریاضی,ریاضی و آمار,دانشگاه صنعتی خواجه نصیرالدین طوسی,35,38,20.4,4500-5000,5000-6000,4000-4500,107,4
ریاضی,ریاضی و آمار,دانشگاه شهید بهشتی تهران,105,47,25.5,5000-6000,4000-4500,,107,5
ریاضی,ریاضی و آمار,دانشگاه علامه طباطبایی تهران,30,44,21.3,6000-7000,6000-7000,2500-3000,107,6
ریاضی,ریاضی و آمار,دانشگاه خوارزمی تهران,63,46,18.8,6000-7000,7000-8000,5000-6000,107,7
ریاضی,ریاضی و آمار,دانشگاه الزهرا (س) تهران,60,42,21.4,6000-7000,7000-8000,5000-6000,107,8
ریاضی,ریاضی و آمار,دانشگاه فردوسی مشهد,90,42,17.9,9000-10000,10000-12000,8000-9000,108,9
ریاضی,ریاضی و آمار,دانشگاه صنعتی اصفهان,105,38,19.2,10000-12000,14000-16000,9000-10000,108,10
ریاضی,ریاضی و آمار,دانشگاه شیراز,135,46,18.8,10000-12000,16000-18000,10000-12000,108,11
ریاضی,ریاضی و آمار,دانشگاه اصفهان,70,38,17.6,12000-14000,14000-16000,10000-12000,108,12
ریاضی,ریاضی و آمار,دانشگاه بین‌المللی امام خمینی (ره) - قزوین,40,37,20.6,12000-14000,12000-14000,6000-7000,108,13
ریاضی,ریاضی و آمار,دانشگاه گیلان,91,40,17.4,20000-25000,20000-25000,14000-16000,108,14
ریاضی,ریاضی و آمار,دانشگاه مازندران,60,38,13.5,20000-25000,20000-25000,16000-18000,108,15
انسانی,مدیریت مالی / حسابداری,دانشگاه تهران,50,85,28.1,1-100,600-800,100-200,111,1
انسانی,مدیریت مالی / حسابداری,دانشگاه شهید بهشتی تهران,56,88,33.6,200-300,200-300,600-800,111,2
انسانی,مدیریت مالی / حسابداری,دانشگاه خوارزمی تهران,86,83,27.8,400-500,500-600,1500-2000,111,3
انسانی,مدیریت مالی / حسابداری,دانشگاه علامه طباطبایی تهران,32,87,30.0,400-500,200-300,600-800,111,4
انسانی,مدیریت مالی / حسابداری,دانشگاه فردوسی مشهد,14,89,20.8,800-1000,2000-2500,,111,5
انسانی,مدیریت مالی / حسابداری,دانشگاه الزهرا (س) تهران,2,85,19.7,1000-1500,3000-3500,4000-4500,111,6
انسانی,مدیریت مالی / حسابداری,دانشگاه قم,36,88,19.3,1500-2000,5000-6000,9000-10000,111,7
انسانی,مدیریت مالی / حسابداری,دانشگاه اصفهان,35,80,24.4,2000-2500,1000-1500,1500-2000,111,8
انسانی,مدیریت / کسب‌وکار,دانشگاه تهران,188,79,30.7,1-100,200-300,1500-2000,114,1
انسانی,مدیریت / کسب‌وکار,دانشگاه شهید بهشتی تهران,70,72,24.6,200-300,600-800,800-1000,114,2
انسانی,مدیریت / کسب‌وکار,دانشگاه علامه طباطبایی تهران,81,75,25.8,200-300,500-600,600-800,114,3
انسانی,مدیریت / کسب‌وکار,دانشگاه فردوسی مشهد,67,69,19.3,400-500,1000-1500,2500-3000,114,4
انسانی,مدیریت / کسب‌وکار,دانشگاه خوارزمی تهران,55,73,24.0,600-800,1500-2000,,114,5
انسانی,مدیریت / کسب‌وکار,دانشگاه شاهد تهران,4,67,21.9,600-800,2000-2500,600-800,114,6
انسانی,مدیریت / کسب‌وکار,دانشگاه شیراز,12,74,22.9,1000-1500,3000-3500,2500-3000,114,7
انسانی,مدیریت / کسب‌وکار,دانشگاه اصفهان,80,74,22.9,1500-2000,3500-4000,1000-1500,115,9
انسانی,مدیریت / کسب‌وکار,دانشگاه زنجان,56,69,18.9,2000-2500,5000-6000,4500-5000,115,10
انسانی,مدیریت / کسب‌وکار,دانشگاه کاشان,9,70,22.5,2000-2500,4500-5000,5000-6000,115,11
انسانی,مدیریت / کسب‌وکار,دانشگاه یزد,48,78,27.0,3000-3500,2000-2500,6000-7000,115,12
انسانی,مدیریت / کسب‌وکار,دانشگاه سمنان,92,63,18.4,3000-3500,6000-7000,6000-7000,115,13
انسانی,مدیریت / کسب‌وکار,دانشگاه قم,72,62,20.1,4000-4500,7000-8000,9000-10000,115,14
انسانی,مدیریت / کسب‌وکار,دانشگاه خلیج فارس,64,54,17.1,4500-5000,7000-8000,10000-12000,115,15
انسانی,مدیریت / کسب‌وکار,دانشگاه ارومیه,53,66,22.8,4500-5000,7000-8000,10000-12000,115,16
انسانی,اقتصاد,دانشگاه فردوسی مشهد,39,49,21.2,200-300,3500-4000,4500-5000,118,1
انسانی,اقتصاد,دانشگاه تهران,42,53,24.3,300-400,600-800,2500-3000,118,2
انسانی,اقتصاد,دانشگاه شهید بهشتی تهران,45,51,21.1,400-500,1500-2000,2500-3000,118,3
انسانی,اقتصاد,دانشگاه علامه طباطبایی تهران,35,48,24.4,600-800,2500-3000,2500-3000,118,4
انسانی,اقتصاد,دانشگاه خوارزمی تهران,45,47,21.0,800-1000,3500-4000,,118,5
انسانی,اقتصاد,دانشگاه تبریز,40,44,24.7,2000-2500,6000-7000,1500-2000,118,6
انسانی,اقتصاد,دانشگاه قم,34,38,23.3,2500-3000,7000-8000,10000-12000,118,7
انسانی,اقتصاد,دانشگاه اصفهان,35,41,17.5,2500-3000,4500-5000,10000-12000,118,8
انسانی,حقوق,دانشگاه تهران,120,76,23.8,1-100,100-200,200-300,121,1
انسانی,حقوق,دانشگاه شهید بهشتی تهران,100,82,22.1,100-200,200-300,800-1000,121,2
انسانی,حقوق,دانشگاه علامه طباطبایی تهران,40,79,20.9,100-200,200-300,600-800,121,3
انسانی,حقوق,دانشگاه فردوسی مشهد,85,65,21.3,200-300,300-400,1000-1500,121,4
انسانی,حقوق,دانشگاه اصفهان,80,59,17.9,200-300,500-600,,121,5
انسانی,حقوق,دانشگاه تبریز,51,55,16.9,500-600,100-200,1000-1500,121,6
انسانی,حقوق,دانشگاه بین‌المللی امام خمینی (ره) - قزوین,70,57,18.6,1000-1500,1000-1500,1500-2000,121,7
انسانی,حقوق,دانشگاه قم,100,69,20.1,1000-1500,1500-2000,3000-3500,121,8
انسانی,روان‌شناسی,دانشگاه شهید بهشتی تهران,21,35,18.5,100-200,1-100,200-300,126,1
انسانی,روان‌شناسی,دانشگاه علامه طباطبایی تهران,18,37,21.1,100-200,500-600,300-400,126,2
انسانی,روان‌شناسی,دانشگاه تبریز,18,44,14.9,200-300,1500-2000,800-1000,126,3
انسانی,روان‌شناسی,دانشگاه فردوسی مشهد,28,31,15.0,300-400,1500-2000,600-800,126,4
انسانی,روان‌شناسی,دانشگاه خوارزمی تهران,2,38,18.8,500-600,300-400,,126,5
انسانی,روان‌شناسی,دانشگاه گیلان,11,29,16.5,500-600,5000-6000,1500-2000,126,6
انسانی,روان‌شناسی,دانشگاه اصفهان,32,37,16.7,600-800,300-400,800-1000,126,7
انسانی,روان‌شناسی,دانشگاه شیراز,16,37,16.1,800-1000,600-800,5000-6000,126,8
انسانی,روان‌شناسی,دانشگاه تهران,14,43,18.5,1000-1500,500-600,500-600,127,9
انسانی,روان‌شناسی,دانشگاه زنجان,49,35,16.0,1500-2000,3500-4000,4000-4500,127,10
انسانی,روان‌شناسی,دانشگاه بین‌المللی امام خمینی (ره) - قزوین,25,42,18.8,2000-2500,6000-7000,3500-4000,127,11
انسانی,روان‌شناسی,دانشگاه رازی کرمانشاه,46,22,17.0,2000-2500,16000-18000,6000-7000,127,12
انسانی,روان‌شناسی,دانشگاه الزهرا (س) تهران,2,45,14.4,2500-3000,300-400,2500-3000,127,13
انسانی,روان‌شناسی,دانشگاه مازندران,26,33,15.1,2500-3000,2000-2500,2500-3000,127,14
انسانی,روان‌شناسی,دانشگاه لرستان,21,28,19.6,2500-3000,4500-5000,8000-9000,127,15
انسانی,روان‌شناسی,دانشگاه شهید چمران اهواز,28,26,15.1,3500-4000,18000-20000,8000-9000,127,16
انسانی,روان‌شناسی,دانشگاه کردستان,35,27,14.0,4000-4500,3500-4000,6000-7000,128,17
انسانی,روان‌شناسی,دانشگاه اراک,32,33,19.9,5000-6000,10000-12000,7000-8000,128,18
انسانی,علوم سیاسی,دانشگاه تهران,70,24,25.4,800-1000,4000-4500,18000-20000,130,1
انسانی,علوم سیاسی,دانشگاه علامه طباطبایی تهران,35,17,17.1,2000-2500,8000-9000,20000-25000,130,2
انسانی,علوم سیاسی,دانشگاه اصفهان,30,22,12.8,3500-4000,8000-9000,12000-14000,130,3
انسانی,علوم تربیتی,دانشگاه تهران,25,331991,17.8,600-800,1000-1500,3500-4000,132,1
انسانی,علوم تربیتی,دانشگاه علامه طباطبایی تهران,25,3191,15.1,800-1000,1500-2000,4500-5000,132,2
انسانی,علوم تربیتی,دانشگاه اصفهان,30,4158,16.4,1000-1500,4000-4500,0-0,132,3
انسانی,علوم اجتماعی و جامعه‌شناسی,دانشگاه تهران,155,12,19.9,100-200,400-500,7000-8000,136,1
انسانی,علوم اجتماعی و جامعه‌شناسی,دانشگاه شهید بهشتی تهران,65,23,16.9,300-400,800-1000,2500-3000,136,2
انسانی,علوم اجتماعی و جامعه‌شناسی,دانشگاه علامه طباطبایی تهران,120,19,19.6,300-400,1000-1500,6000-7000,136,3
انسانی,علوم اجتماعی و جامعه‌شناسی,دانشگاه اصفهان,50,34,13.5,1000-1500,1000-1500,3500-4000,136,4
انسانی,علوم اجتماعی و جامعه‌شناسی,دانشگاه فردوسی مشهد,40,38,15.3,1000-1500,4000-4500,,136,5
انسانی,علوم اجتماعی و جامعه‌شناسی,دانشگاه شهید چمران اهواز,80,26,15.8,3500-4000,5000-6000,5000-6000,136,6
انسانی,علوم اجتماعی و جامعه‌شناسی,دانشگاه گیلان,65,13,14.2,5000-6000,4000-4500,7000-8000,136,7
انسانی,علوم اجتماعی و جامعه‌شناسی,دانشگاه یزد,177,28,14.8,6000-7000,8000-9000,7000-8000,136,8
